<?xml version="1.0" encoding="utf-8"?><App xmlns="http://schemas.microsoft.com/sharepoint/2012/app/manifest" Name="clock-in-clock-out-client-side-solution" ProductID="4be5f900-2f8c-4b2a-8d3d-a641cd64f59c" SharePointMinVersion="16.0.0.0" IsClientSideSolution="true" Version="1.0.0.0" SkipFeatureDeployment="true" IsDomainIsolated="false"><Properties><Title>clock-in-clock-out-client-side-solution</Title><DeveloperProperties>{&quot;name&quot;:&quot;&quot;,&quot;websiteUrl&quot;:&quot;&quot;,&quot;privacyUrl&quot;:&quot;&quot;,&quot;termsOfUseUrl&quot;:&quot;&quot;,&quot;mpnId&quot;:&quot;Undefined-1.18.2&quot;}</DeveloperProperties><ShortDescription><LocalizedString CultureName="default">clock-in-clock-out description</LocalizedString></ShortDescription><LongDescription><LocalizedString CultureName="default">clock-in-clock-out description</LocalizedString></LongDescription><Screenshots></Screenshots></Properties></App>