{
  "$schema": "https://developer.microsoft.com/json-schemas/spfx/client-side-web-part-manifest.schema.json",
  "id": "4ae4e4d0-6d4b-4287-ac04-9d766d955276",
  "alias": "ClockInClockOutWebPart",
  "componentType": "WebPart",
  "version": "*",
  "manifestVersion": 2,
  "requiresCustomScript": false,
  "supportedHosts": ["SharePointWebPart", "TeamsPersonalApp", "TeamsTab", "SharePointFullPage"],
  "supportsThemeVariants": true,
  "preconfiguredEntries": [{
    "groupId": "5c03119e-3074-46fd-976b-c60198311f70", 
    "title": { "default": "clock-in-clock-out" },
    "description": { "default": "clock-in-clock-out description" },
    "officeFabricIconFontName": "Page",
    "properties": {
      "description": "clock-in-clock-out",
      "listName": "Clock-in-clock-out",
      "backgroundColor": "#ffffff"
    }
  }]
}
